"Rank","Player","Team","Position","Points","Games","Avg"
"1","Josh Allen","BUF","QB","406.2","16","25.4"
"2","Kyler Murray","ARI","QB","390.7","16","24.4"
"3","Aaron Rodgers","GB","QB","388.1","16","24.3"
"4","Patrick Mahomes II","KC","QB","380.3","15","25.4"
"5","Alvin Kamara","NO","RB","377.8","15","25.2"
"6","Deshaun Watson","HOU","QB","376.4","16","23.5"
"7","Russell Wilson","SEA","QB","372.6","16","23.3"
"8","Davante Adams","GB","WR","358.4","14","25.6"
"9","Ryan Tannehill","TEN","QB","351.3","16","22.0"
"10","Tom Brady","TB","QB","350.0","16","21.9"
"11","Justin Herbert","LAC","QB","342.8","15","22.9"
"12","Lamar Jackson","BAL","QB","341.7","15","22.8"
"13","Dalvin Cook","MIN","RB","337.8","14","24.1"
"14","Derrick Henry","TEN","RB","333.1","16","20.8"
"15","Tyreek Hill","KC","WR","328.9","15","21.9"
"16","Stefon Diggs","BUF","WR","328.6","16","20.5"
"17","Kirk Cousins","MIN","QB","319.2","16","20.0"
"18","Travis Kelce","KC","TE","312.8","15","20.9"
"19","Matt Ryan","ATL","QB","293.3","16","18.3"
"20","DeAndre Hopkins","ARI","WR","287.8","16","18.0"
"21","Calvin Ridley","ATL","WR","281.5","15","18.8"
"22","Derek Carr","LV","QB","281.0","16","17.6"
"23","Darren Waller","LV","TE","278.6","16","17.4"
"24","Ben Roethlisberger","PIT","QB","277.2","15","18.5"
"25","Justin Jefferson","MIN","WR","274.2","16","17.1"
"26","DK Metcalf","SEA","WR","271.3","16","17.0"
"27","Cam Newton","NE","QB","271.3","15","18.1"
"28","Matthew Stafford","DET","QB","270.5","16","16.9"
"29","Tyler Lockett","SEA","WR","265.4","16","16.6"
"30","David Montgomery","CHI","RB","264.8","15","17.7"
"31","Allen Robinson II","CHI","WR","262.9","16","16.4"
"32","Aaron Jones","GB","RB","258.9","14","18.5"
"33","Baker Mayfield","CLE","QB","256.8","16","16.1"
"34","Adam Thielen","MIN","WR","254.0","15","16.9"
"35","Jared Goff","LAR","QB","253.0","15","16.9"
"36","Jonathan Taylor","IND","RB","252.8","15","16.9"
"37","Teddy Bridgewater","CAR","QB","252.1","15","16.8"
"38","Philip Rivers","IND","QB","251.0","16","15.7"
"39","James Robinson","JAC","RB","250.4","14","17.9"
"40","Mike Evans","TB","WR","248.6","16","15.5"
"41","A.J. Brown","TEN","WR","247.5","14","17.7"
"42","Keenan Allen","LAC","WR","245.1","14","17.5"
"43","Robert Woods","LAR","WR","245.1","16","15.3"
"44","Amari Cooper","DAL","WR","236.8","16","14.8"
"45","JuJu Smith-Schuster","PIT","WR","234.1","16","14.6"
"46","Brandin Cooks","HOU","WR","232.0","15","15.5"
"47","Josh Jacobs","LV","RB","231.3","15","15.4"
"48","Marvin Jones Jr.","DET","WR","227.8","16","14.2"
"49","Robbie Anderson","CAR","WR","224.1","16","14.0"
"50","Terry McLaurin","WAS","WR","223.8","15","14.9"
"51","Ezekiel Elliott","DAL","RB","223.7","15","14.9"
"52","Diontae Johnson","PIT","WR","221.8","15","14.8"
"53","Kareem Hunt","CLE","RB","218.5","16","13.7"
"54","CeeDee Lamb","DAL","WR","217.7","16","13.6"
"55","Drew Brees","NO","QB","215.4","12","18.0"
"56","Chase Claypool","PIT","WR","214.9","16","13.4"
"57","Carson Wentz","PHI","QB","213.4","12","17.8"
"58","Curtis Samuel","CAR","WR","212.1","15","14.1"
"59","DJ Moore","CAR","WR","211.5","15","14.1"
"60","Cooper Kupp","LAR","WR","208.7","15","13.9"
"61","Nick Chubb","CLE","RB","207.7","12","17.3"
"62","Cole Beasley","BUF","WR","207.5","15","13.8"
"63","Mike Davis","CAR","RB","206.5","15","13.8"
"64","Antonio Gibson","WAS","RB","202.2","14","14.4"
"65","Melvin Gordon III","DEN","RB","198.4","15","13.2"
"66","Drew Lock","DEN","QB","196.4","13","15.1"
"67","Tee Higgins","CIN","WR","194.6","16","12.2"
"68","Nyheim Hines","IND","RB","193.2","16","12.1"
"69","Tyler Boyd","CIN","WR","192.6","15","12.8"
"70","Kenyan Drake","ARI","RB","192.2","15","12.8"
"71","Corey Davis","TEN","WR","191.4","14","13.7"
"72","J.D. McKissic","WAS","RB","191.4","16","12.0"
"73","Chris Godwin","TB","WR","191.0","12","15.9"
"74","Daniel Jones","NYG","QB","190.2","14","13.6"
"75","D'Andre Swift","DET","RB","189.8","13","14.6"
"76","William Fuller V","HOU","WR","188.9","11","17.2"
"77","Jarvis Landry","CLE","WR","188.0","15","12.5"
"78","Chris Carson","SEA","RB","187.8","12","15.7"
"79","Ronald Jones II","TB","RB","186.3","14","13.3"
"80","Nelson Agholor","LV","WR","185.6","16","11.6"
"81","Brandon Aiyuk","SF","WR","184.5","12","15.4"
"82","Marquise Brown","BAL","WR","183.0","16","11.4"
"83","Russell Gage","ATL","WR","181.1","16","11.3"
"84","David Johnson","HOU","RB","179.5","12","15.0"
"85","Joe Burrow","CIN","QB","178.6","10","17.9"
"86","Robert Tonyan","GB","TE","176.6","16","11.0"
"87","Logan Thomas","WAS","TE","176.6","16","11.0"
"88","Clyde Edwards-Helaire","KC","RB","176.0","13","13.5"
"89","T.J. Hockenson","DET","TE","175.3","16","11.0"
"90","Michael Gallup","DAL","WR","173.3","16","10.8"
"91","Jamison Crowder","NYJ","WR","172.0","12","14.3"
"91","Jason Sanders","MIA","K","172.0","16","10.8"
"93","Miles Sanders","PHI","RB","170.4","12","14.2"
"94","Mark Andrews","BAL","TE","170.1","14","12.2"
"95","J.K. Dobbins","BAL","RB","168.5","15","11.2"
"96","Chase Edmonds","ARI","RB","168.0","16","10.5"
"97","Younghoe Koo","ATL","K","168.0","15","11.2"
"98","DeVante Parker","MIA","WR","166.3","14","11.9"
"99","Gardner Minshew II","JAC","QB","165.5","9","18.4"
"100","Austin Ekeler","LAC","RB","165.3","10","16.5"
"101","Emmanuel Sanders","NO","WR","164.8","14","11.8"
"102","James Conner","PIT","RB","164.6","13","12.7"
"103","T.Y. Hilton","IND","WR","164.2","15","11.0"
"104","Myles Gaskin","MIA","RB","164.2","10","16.4"
"105","Todd Gurley II","ATL","RB","163.2","15","10.9"
"106","Sterling Shepard","NYG","WR","162.5","12","13.5"
"107","Mitch Trubisky","CHI","QB","161.8","10","16.2"
"108","Ryan Fitzpatrick","MIA","QB","161.7","10","16.2"
"109","Tim Patrick","DEN","WR","161.2","15","10.8"
"110","Mike Gesicki","MIA","TE","159.3","15","10.6"
"111","Taysom Hill","NO","TE","158.5","16","9.9"
"112","Giovani Bernard","CIN","RB","158.1","16","9.9"
"113","Jerry Jeudy","DEN","WR","157.6","16","9.9"
"114","Laviska Shenault Jr.","JAC","WR","157.1","14","11.2"
"115","Tyler Bass","BUF","K","157.0","16","9.8"
"116","Keelan Cole Sr.","JAC","WR","155.4","16","9.7"
"117","Daniel Carlson","LV","K","155.0","16","9.7"
"118","Mike Williams","LAC","WR","153.7","15","10.3"
"119","D.J. Chark Jr.","JAC","WR","153.6","13","11.8"
"120","Greg Zuerlein","DAL","K","153.0","16","9.6"
"121","Darnell Mooney","CHI","WR","152.1","16","9.5"
"122","Los Angeles Rams","LAR","DST","151.0","16","9.4"
"123","Rodrigo Blankenship","IND","K","150.0","16","9.4"
"124","Rob Gronkowski","TB","TE","149.3","16","9.3"
"124","Noah Fant","DEN","TE","149.3","15","10.0"
"126","Hayden Hurst","ATL","TE","149.1","16","9.3"
"127","Pittsburgh Steelers","PIT","DST","148.0","16","9.3"
"128","Dalton Schultz","DAL","TE","146.5","16","9.2"
"129","Christian Kirk","ARI","WR","146.4","14","10.5"
"130","Julio Jones","ATL","WR","146.1","9","16.2"
"131","Hunter Henry","LAC","TE","145.3","14","10.4"
"132","Indianapolis Colts","IND","DST","145.0","16","9.1"
"132","Ryan Succop","TB","K","145.0","16","9.1"
"132","Justin Tucker","BAL","K","145.0","16","9.1"
"135","Sam Darnold","NYJ","QB","145.0","12","12.1"
"136","Andy Dalton","DAL","QB","144.9","11","13.2"
"137","Devin Singletary","BUF","RB","143.6","16","9.0"
"138","Jimmy Graham","CHI","TE","143.6","16","9.0"
"139","Jakobi Meyers","NE","WR","142.6","14","10.2"
"140","Jeff Wilson Jr.","SF","RB","142.3","12","11.9"
"141","Eric Ebron","PIT","TE","141.8","15","9.5"
"142","Miami Dolphins","MIA","DST","141.0","16","8.8"
"142","Baltimore Ravens","BAL","DST","141.0","16","8.8"
"144","Darius Slayton","NYG","WR","141.0","16","8.8"
"144","Evan Engram","NYG","TE","141.0","16","8.8"
"146","Tua Tagovailoa","MIA","QB","140.4","10","14.0"
"147","Jonnu Smith","TEN","TE","140.2","15","9.4"
"148","Dak Prescott","DAL","QB","139.6","5","27.9"
"149","Cairo Santos","CHI","K","139.0","16","8.7"
"150","Jason Myers","SEA","K","138.0","16","8.6"
"151","Marquez Valdes-Scantling","GB","WR","137.3","16","8.6"
"152","Zach Pascal","IND","WR","136.9","16","8.6"
"152","Gabe Davis","BUF","WR","136.9","16","8.6"
"154","Wayne Gallman Jr.","NYG","RB","136.6","15","9.1"
"155","Latavius Murray","NO","RB","136.2","15","9.1"
"156","Brandon McManus","DEN","K","136.0","15","9.1"
"157","Wil Lutz","NO","K","135.0","16","8.4"
"158","Harrison Butker","KC","K","134.0","16","8.4"
"159","Greg Ward","PHI","WR","133.1","16","8.3"
"160","Graham Gano","NYG","K","133.0","16","8.3"
"161","Leonard Fournette","TB","RB","132.0","13","10.2"
"161","Ka'imi Fairbairn","HOU","K","132.0","16","8.3"
"163","Hunter Renfrow","LV","WR","131.6","16","8.2"
"164","Darrell Henderson Jr.","LAR","RB","130.3","15","8.7"
"165","Kendrick Bourne","SF","WR","129.7","15","8.7"
"166","Joey Slye","CAR","K","129.0","16","8.1"
"167","Tyler Higbee","LAR","TE","128.2","15","8.6"
"168","Gus Edwards","BAL","RB","128.2","16","8.0"
"168","Nick Mullens","SF","QB","128.2","10","12.8"
"170","Mecole Hardman","KC","WR","128.1","16","8.0"
"171","Dustin Hopkins","WAS","K","128.0","16","8.0"
"172","Jared Cook","NO","TE","127.4","15","8.5"
"173","Jamaal Williams","GB","RB","127.1","14","9.1"
"174","Washington Commanders","WAS","DST","127.0","16","7.9"
"175","Jerick McKinnon","SF","RB","126.2","16","7.9"
"176","New Orleans Saints","NO","DST","126.0","16","7.9"
"177","George Kittle","SF","TE","125.1","8","15.6"
"178","Adrian Peterson","DET","RB","124.5","16","7.8"
"179","Josh Reynolds","LAR","WR","124.3","16","7.8"
"180","Nick Folk","NE","K","123.0","16","7.7"
"181","Rashard Higgins","CLE","WR","120.9","13","9.3"
"182","Tony Pollard","DAL","RB","120.8","16","7.6"
"183","Michael Badgley","LAC","K","120.0","16","7.5"
"183","Mason Crosby","GB","K","120.0","16","7.5"
"185","Tampa Bay Buccaneers","TB","DST","119.0","16","7.4"
"185","Stephen Gostkowski","TEN","K","119.0","15","7.9"
"187","David Moore","SEA","WR","118.8","16","7.4"
"188","Buffalo Bills","BUF","DST","118.0","16","7.4"
"189","Antonio Brown","TB","WR","117.1","8","14.6"
"190","Matt Prater","DET","K","117.0","16","7.3"
"191","James White","NE","RB","116.6","14","8.3"
"192","Dallas Goedert","PHI","TE","116.4","11","10.6"
"193","Travis Fulgham","PHI","WR","115.9","13","8.9"
"194","Damiere Byrd","NE","WR","114.9","16","7.2"
"195","Austin Hooper","CLE","TE","113.5","13","8.7"
"196","Jalen Hurts","PHI","QB","113.2","15","7.6"
"197","Nick Foles","CHI","QB","112.1","9","12.5"
"198","A.J. Green","CIN","WR","111.3","16","7.0"
"199","Arizona Cardinals","ARI","DST","110.0","16","6.9"
"199","Cody Parkey","CLE","K","110.0","15","7.3"
"201","Malcolm Brown","LAR","RB","109.1","16","6.8"
"202","Anthony Miller","CHI","WR","108.7","16","6.8"
"203","Kansas City Chiefs","KC","DST","108.0","16","6.8"
"203","New England Patriots","NE","DST","108.0","16","6.8"
"205","Rex Burkhead","NE","RB","107.6","10","10.8"
"206","Demarcus Robinson","KC","WR","107.6","15","7.2"
"207","Danny Amendola","DET","WR","106.4","14","7.6"
"208","Robbie Gould","SF","K","106.0","15","7.1"
"209","Seattle Seahawks","SEA","DST","105.0","16","6.6"
"210","Tre'Quan Smith","NO","WR","103.1","14","7.4"
"211","New York Giants","NYG","DST","103.0","16","6.4"
"211","Philadelphia Eagles","PHI","DST","103.0","16","6.4"
"213","Scotty Miller","TB","WR","102.5","16","6.4"
"214","Cam Akers","LAR","RB","101.8","12","8.5"
"215","Zack Moss","BUF","RB","101.6","13","7.8"
"216","Larry Fitzgerald","ARI","WR","100.9","13","7.8"
"217","Frank Gore","NYJ","RB","100.2","15","6.7"
"218","Randall Cobb","HOU","WR","100.1","10","10.0"
"219","Randy Bullock","CIN","K","100.0","12","8.3"
"219","Chris Boswell","PIT","K","100.0","13","7.7"
"221","Raheem Mostert","SF","RB","99.7","8","12.5"
"222","Joe Mixon","CIN","RB","99.6","6","16.6"
"223","Isaiah McKenzie","BUF","WR","99.6","16","6.2"
"224","James Washington","PIT","WR","99.2","16","6.2"
"225","Breshad Perriman","NYJ","WR","99.1","12","8.3"
"226","Carolina Panthers","CAR","DST","99.0","16","6.2"
"227","Michael Pittman Jr.","IND","WR","98.9","13","7.6"
"228","Irv Smith Jr.","MIN","TE","98.5","13","7.6"
"229","Zane Gonzalez","ARI","K","98.0","12","8.2"
"230","Allen Lazard","GB","WR","97.8","10","9.8"
"231","Braxton Berrios","NYJ","WR","97.3","16","6.1"
"232","Chris Conley","JAC","WR","97.1","15","6.5"
"233","Jalen Guyton","LAC","WR","97.1","16","6.1"
"234","Cleveland Browns","CLE","DST","97.0","16","6.1"
"235","John Brown","BUF","WR","96.8","9","10.8"
"236","Dan Arnold","ARI","TE","96.8","16","6.1"
"237","Boston Scott","PHI","RB","95.6","16","6.0"
"238","Brian Hill","ATL","RB","95.4","16","6.0"
"239","Willie Snead IV","BAL","WR","94.2","13","7.3"
"240","Green Bay Packers","GB","DST","94.0","16","5.9"
"241","Kalen Ballage","Multi","RB","93.9","11","8.5"
"242","Gerald Everett","LAR","TE","92.9","16","5.8"
"243","Chicago Bears","CHI","DST","92.0","16","5.8"
"244","Damien Harris","NE","RB","91.3","10","9.1"
"245","Christian McCaffrey","CAR","RB","90.4","3","30.1"
"246","K.J. Hamler","DEN","WR","90.1","13","6.9"
"247","San Francisco 49ers","SF","DST","90.0","16","5.6"
"247","Dan Bailey","MIN","K","90.0","16","5.6"
"249","Sammy Watkins","KC","WR","88.4","10","8.8"
"250","Jakeem Grant Sr.","MIA","WR","87.3","14","6.2"
"251","Jalen Reagor","PHI","WR","87.2","11","7.9"
"252","Keke Coutee","HOU","WR","87.0","8","10.9"
"253","Alexander Mattison","MIN","RB","86.9","13","6.7"
"254","Odell Beckham Jr.","CLE","WR","86.8","7","12.4"
"255","Golden Tate","NYG","WR","86.5","12","7.2"
"256","Cam Sims","WAS","WR","86.2","16","5.4"
"257","Devontae Booker","LV","RB","85.7","16","5.4"
"258","Carlos Hyde","SEA","RB","84.9","10","8.5"
"259","Duke Johnson Jr.","HOU","RB","84.4","11","7.7"
"260","Henry Ruggs III","LV","WR","84.1","13","6.5"
"261","Michael Thomas","NO","WR","83.9","7","12.0"
"262","Jordan Akins","HOU","TE","83.7","13","6.4"
"263","Anthony Firkser","TEN","TE","83.7","16","5.2"
"264","Trey Burton","IND","TE","83.3","13","6.4"
"265","Tyler Eifert","JAC","TE","82.9","15","5.5"
"266","Kyle Juszczyk","SF","RB","81.6","16","5.1"
"267","Joshua Kelley","LAC","RB","81.2","14","5.8"
"268","Deebo Samuel","SF","WR","80.7","7","11.5"
"269","Mo Alie-Cox","IND","TE","80.4","15","5.4"
"270","Alex Smith","WAS","QB","79.6","8","10.0"
"271","Tyron Johnson","LAC","WR","79.5","12","6.6"
"272","Drew Sample","CIN","TE","78.9","16","4.9"
"273","Dallas Cowboys","DAL","DST","78.0","16","4.9"
"274","Zach Ertz","PHI","TE","77.5","11","7.1"
"275","Denver Broncos","DEN","DST","77.0","16","4.8"
"276","Darren Fells","HOU","TE","76.2","16","4.8"
"277","Los Angeles Chargers","LAC","DST","76.0","16","4.8"
"278","Sony Michel","NE","RB","75.3","9","8.4"
"279","Dwayne Haskins","WAS","QB","75.2","7","10.7"
"280","Jake Elliott","PHI","K","75.0","16","4.7"
"281","Benny Snell Jr.","PIT","RB","74.9","16","4.7"
"282","Preston Williams","MIA","WR","74.8","8","9.4"
"283","Le'Veon Bell","Multi","RB","74.6","11","6.8"
"284","N'Keal Harry","NE","WR","73.9","14","5.3"
"285","Chris Herndon IV","NYJ","TE","73.7","16","4.6"
"286","Jordan Reed","SF","TE","73.1","10","7.3"
"287","Atlanta Falcons","ATL","DST","72.0","16","4.5"
"288","Kerryon Johnson","DET","RB","71.8","16","4.5"
"289","Richard Rodgers","PHI","TE","70.5","14","5.0"
"290","Miles Boykin","BAL","WR","69.6","16","4.4"
"291","Jimmy Garoppolo","SF","QB","69.4","6","11.6"
"291","Cordarrelle Patterson","CHI","RB","69.4","16","4.3"
"293","Salvon Ahmed","MIA","RB","69.0","6","11.5"
"294","Cameron Brate","TB","TE","68.2","16","4.3"
"295","New York Jets","NYJ","DST","67.0","16","4.2"
"296","Quintez Cephus","DET","WR","66.9","13","5.2"
"297","Dawson Knox","BUF","TE","66.8","12","5.6"
"298","Phillip Lindsay","DEN","RB","66.0","11","6.0"
"298","Matt Gay","LAR","K","66.0","7","9.4"
"298","Tennessee Titans","TEN","DST","66.0","16","4.1"
"301","Jacob Hollister","SEA","TE","65.9","16","4.1"
"302","Kenny Golladay","DET","WR","65.8","5","13.2"
"303","Samaje Perine","CIN","RB","65.7","16","4.1"
"304","Mike Glennon","JAC","QB","65.5","5","13.1"
"305","Kyle Rudolph","MIN","TE","65.4","12","5.5"
"306","Justin Jackson","LAC","RB","65.3","9","7.3"
"307","Richie James Jr.","SF","WR","64.4","11","5.9"
"308","Jack Doyle","IND","TE","64.1","14","4.6"
"309","Ty Johnson","Multi","RB","63.3","13","4.9"
"310","DaeSean Hamilton","DEN","WR","62.3","16","3.9"
"311","Cole Kmet","CHI","TE","62.0","16","3.9"
"312","Harrison Bryant","CLE","TE","61.8","15","4.1"
"313","Jordan Wilkins","IND","RB","61.3","15","4.1"
"314","Will Dissly","SEA","TE","61.1","16","3.8"
"315","Denzel Mims","NYJ","WR","60.7","9","6.7"
"316","Marvin Hall","Multi","WR","60.3","12","5.0"
"317","Minnesota Vikings","MIN","DST","60.0","16","3.8"
"318","Collin Johnson","JAC","WR","59.2","14","4.2"
"319","Durham Smythe","MIA","TE","58.8","15","3.9"
"320","Donovan Peoples-Jones","CLE","WR","58.4","12","4.9"
"321","Adam Humphries","TEN","WR","57.8","7","8.3"
"322","Joe Flacco","NYJ","QB","57.7","5","11.5"
"323","Steven Sims Jr.","WAS","WR","57.3","12","4.8"
"324","Ito Smith","ATL","RB","57.3","14","4.1"
"325","Dion Lewis","NYG","RB","57.2","16","3.6"
"326","DeeJay Dallas","SEA","RB","56.9","12","4.7"
"327","Julian Edelman","NE","WR","56.2","6","9.4"
"328","Isaiah Ford","MIA","WR","55.6","10","5.6"
"329","Sam Sloman","Multi","K","55.0","8","6.9"
"329","Peyton Barber","WAS","RB","55.0","16","3.4"
"331","Andy Isabella","ARI","WR","54.8","13","4.2"
"332","Darrel Williams","KC","RB","54.5","16","3.4"
"333","James O'Shaughnessy","JAC","TE","54.2","15","3.6"
"334","Jacksonville Jaguars","JAC","DST","54.0","16","3.4"
"334","Sam Ficken","NYJ","K","54.0","9","6.0"
"336","Greg Olsen","SEA","TE","53.9","11","4.9"
"337","Brandon Allen","CIN","QB","53.6","5","10.7"
"337","Lynn Bowden Jr.","MIA","WR","53.6","10","5.4"
"339","Olamide Zaccheaus","ATL","WR","53.4","11","4.9"
"340","Devin Duvernay","BAL","WR","53.1","16","3.3"
"341","Mark Ingram II","BAL","RB","52.9","11","4.8"
"342","La'Mical Perine","NYJ","RB","52.5","10","5.3"
"343","David Njoku","CLE","TE","52.3","13","4.0"
"343","C.J. Beathard","SF","QB","52.3","6","8.7"
"345","Cedrick Wilson Jr.","DAL","WR","51.6","16","3.2"
"346","Jalen Richard","LV","RB","51.1","13","3.9"
"347","Chad Beebe","MIN","WR","50.1","14","3.6"
"348","Ross Dwelley","SF","TE","49.5","16","3.1"
"349","Deonte Harty","NO","WR","47.7","9","5.3"
"350","Van Jefferson","LAR","WR","46.9","16","2.9"
"351","Chad Hansen","HOU","WR","46.6","5","9.3"
"352","Isaiah Wright","WAS","WR","46.3","14","3.3"
"353","Dontrelle Inman","WAS","WR","46.3","10","4.6"
"354","Kyle Allen","WAS","QB","46.1","4","11.5"
"355","Cincinnati Bengals","CIN","DST","45.0","16","2.8"
"355","Adam Shaheen","MIA","TE","45.0","16","2.8"
"355","Houston Texans","HOU","DST","45.0","16","2.8"
"358","DeSean Jackson","PHI","WR","44.8","5","9.0"
"359","Tyler Conklin","MIN","TE","44.4","16","2.8"
"360","Mohamed Sanu Sr.","Multi","WR","44.0","10","4.4"
"361","Jeremy McNichols","TEN","RB","43.9","16","2.7"
"361","Donald Parham Jr.","LAC","TE","43.9","13","3.4"
"363","Las Vegas Raiders","LV","DST","43.0","16","2.7"
"364","Chris Thompson","JAC","RB","42.6","8","5.3"
"365","Marquez Callaway","NO","WR","42.3","11","3.9"
"366","Pharaoh Brown","HOU","TE","42.3","13","3.3"
"367","Matt Breida","MIA","RB","42.0","12","3.5"
"368","Tyler Kroft","BUF","TE","41.9","10","4.2"
"369","Byron Pringle","KC","WR","41.0","12","3.4"
"370","Tyler Johnson","TB","WR","40.9","14","2.9"
"371","Freddie Swain","SEA","WR","40.9","16","2.6"
"372","Alfred Morris","NYG","RB","40.7","9","4.5"
"373","Ian Thomas","CAR","TE","40.5","16","2.5"
"374","AJ Dillon","GB","RB","40.3","11","3.7"
"375","Marcus Johnson","IND","WR","39.5","11","3.6"
"376","Aldrick Rosas","JAC","K","39.0","6","6.5"
"377","Jesse James","DET","TE","38.9","16","2.4"
"378","Marcedes Lewis","GB","TE","38.7","15","2.6"
"379","Adam Trautman","NO","TE","38.1","15","2.5"
"380","O.J. Howard","TB","TE","37.6","4","9.4"
"381","Mack Hollins","MIA","WR","37.6","16","2.4"
"382","Nick Boyle","BAL","TE","37.3","9","4.1"
"383","Royce Freeman","DEN","RB","37.1","16","2.3"
"384","Josh Adams","NYJ","RB","36.6","8","4.6"
"384","Zay Jones","LV","WR","36.6","16","2.3"
"386","Rodney Smith","CAR","RB","36.5","7","5.2"
"387","Bryan Edwards","LV","WR","36.3","12","3.0"
"388","Sergio Castillo","NYJ","K","36.0","6","6.0"
"388","Devonta Freeman","NYG","RB","36.0","5","7.2"
"390","Detroit Lions","DET","DST","35.0","16","2.2"
"391","Bisi Johnson","MIN","WR","34.9","16","2.2"
"392","Jake Luton","JAC","QB","34.3","3","11.4"
"393","Jeff Smith","NYJ","WR","33.7","12","2.8"
"394","Darwin Thompson","KC","RB","33.2","13","2.6"
"395","Foster Moreau","LV","TE","33.0","16","2.1"
"396","Travis Homer","SEA","RB","32.8","9","3.6"
"397","KeeSean Johnson","ARI","WR","32.3","8","4.0"
"398","Ray-Ray McCloud","PIT","WR","32.2","16","2.0"
"399","Jeff Driskel","DEN","QB","32.0","3","10.7"
"400","Jason Witten","LV","TE","31.9","16","2.0"
"401","Kenny Stills","HOU","WR","31.4","10","3.1"
"402","JaMycal Hasty","SF","RB","31.1","8","3.9"
"403","Ryan Izzo","NE","TE","30.9","12","2.6"
"404","Jordan Howard","Multi","RB","30.7","7","4.4"
"405","Mike Thomas","CIN","WR","30.3","14","2.2"
"406","Mike Nugent","ARI","K","30.0","4","7.5"
"406","Ameer Abdullah","MIN","RB","30.0","16","1.9"
"408","Cameron Batson","TEN","WR","30.0","12","2.5"
"409","Dare Ogunbowale","JAC","RB","29.9","14","2.1"
"410","Noah Brown","DAL","WR","29.8","16","1.9"
"411","Brandon Powell","ATL","WR","29.6","15","2.0"
"412","Nick Vannett","DEN","TE","29.5","15","2.0"
"413","Alec Ingold","LV","RB","29.4","16","1.8"
"413","Jace Sternberger","GB","TE","29.4","12","2.5"
"415","Kaden Smith","NYG","TE","29.2","15","2.0"
"416","Jamal Agnew","DET","WR","29.2","14","2.1"
"417","Albert Okwuegbunam","DEN","TE","29.1","4","7.3"
"418","KhaDarel Hodge","CLE","WR","29.0","9","3.2"
"418","Auden Tate","CIN","WR","29.0","9","3.2"
"420","John Hightower","PHI","WR","28.8","13","2.2"
"421","LeSean McCoy","TB","RB","28.2","10","2.8"
"422","Josh Lambo","JAC","K","28.0","4","7.0"
"423","Kalif Raymond","TEN","WR","27.4","15","1.8"
"424","Christian Blake","ATL","WR","27.1","16","1.7"
"425","Austin Seibert","Multi","K","27.0","5","5.4"
"426","Marcus Mariota","LV","QB","26.8","1","26.8"
"427","Tyler Ervin","GB","RB","26.1","8","3.3"
"428","Chris Hogan","NYJ","WR","25.8","5","5.2"
"429","Gunner Olszewski","NE","WR","25.5","13","2.0"
"429","C.J. Ham","MIN","RB","25.5","15","1.7"
"431","Equanimeous St. Brown","GB","WR","25.4","12","2.1"
"432","Vance McDonald","PIT","TE","24.9","14","1.8"
"433","Malcolm Perry","MIA","WR","24.7","9","2.7"
"434","Maxx Williams","ARI","TE","24.2","9","2.7"
"435","Chad Henne","KC","QB","23.7","3","7.9"
"436","Quez Watkins","PHI","WR","23.6","6","3.9"
"437","Alshon Jeffery","PHI","WR","23.5","7","3.4"
"438","Ke'Shawn Vaughn","TB","RB","23.3","10","2.3"
"438","Geoff Swaim","TEN","TE","23.3","10","2.3"
"440","Darrell Daniels","ARI","TE","23.2","12","1.9"
"441","Laquon Treadwell","ATL","WR","22.9","5","4.6"
"442","C.J. Uzomah","CIN","TE","22.7","2","11.4"
"442","Dez Bryant","BAL","WR","22.7","6","3.8"
"442","Anthony McFarland Jr.","PIT","RB","22.7","11","2.1"
"445","Alex Erickson","CIN","WR","22.6","16","1.4"
"446","DeMichael Harris","IND","WR","22.5","7","3.2"
"447","Blake Bell","DAL","TE","22.2","16","1.4"
"448","Troy Fumagalli","DEN","TE","22.0","8","2.8"
"448","Patrick Laird","MIA","RB","22.0","16","1.4"
"450","MyCole Pruitt","TEN","TE","21.9","11","2.0"
"451","Trayveon Williams","CIN","RB","21.7","10","2.2"
"452","C.J. Board","NYG","WR","21.4","14","1.5"
"453","Antonio Williams","BUF","RB","21.3","1","21.3"
"454","Ryan Finley","CIN","QB","21.2","5","4.2"
"455","Alex Collins","SEA","RB","21.1","3","7.0"
"456","Matthew Wright","PIT","K","21.0","3","7.0"
"456","Corey Clement","PHI","RB","21.0","15","1.4"
"456","D'Ernest Johnson","CLE","RB","21.0","16","1.3"
"459","Ryan Nall","CHI","RB","20.7","15","1.4"
"460","Jacoby Brissett","IND","QB","20.6","11","1.9"
"461","Gabe Nabers","LAC","RB","20.2","16","1.3"
"462","Chase McLaughlin","Multi","K","20.0","4","5.0"
"463","Troymaine Pope","LAC","RB","19.8","6","3.3"
"464","Lee Smith","BUF","TE","19.5","10","2.0"
"465","Mason Rudolph","PIT","QB","19.3","5","3.9"
"466","Colt McCoy","NYG","QB","19.1","4","4.8"
"467","Stephen Anderson","LAC","TE","18.6","16","1.2"
"467","Josh Hill","NO","TE","18.6","14","1.3"
"469","Trent Taylor","SF","WR","18.6","12","1.6"
"470","Malik Taylor","GB","WR","18.5","15","1.2"
"471","Ryan Griffin","NYJ","TE","17.6","15","1.2"
"472","Keith Smith","ATL","RB","17.6","16","1.1"
"473","Jakob Johnson","NE","RB","17.5","16","1.1"
"473","Tarik Cohen","CHI","RB","17.5","3","5.8"
"475","Patrick Ricard","BAL","RB","17.4","15","1.2"
"476","DeAndre Washington","Multi","RB","17.1","4","4.3"
"477","Javon Wims","CHI","WR","17.0","13","1.3"
"477","D'Onta Foreman","TEN","RB","17.0","6","2.8"
"479","Reggie Bonnafon","CAR","RB","16.7","2","8.4"
"480","Jaylen Samuels","PIT","RB","16.4","14","1.2"
"481","Justin Watson","TB","WR","16.4","11","1.5"
"482","T.J. Yeldon","BUF","RB","16.2","3","5.4"
"483","Austin Mack","NYG","WR","16.1","11","1.5"
"483","Darrynton Evans","TEN","RB","16.1","5","3.2"
"485","Jarrett Stidham","NE","QB","16.0","5","3.2"
"486","Ty Montgomery","NO","RB","15.8","6","2.6"
"487","Dante Pettis","Multi","WR","15.6","7","2.2"
"488","Garrett Gilbert","DAL","QB","15.5","2","7.8"
"489","Saquon Barkley","NYG","RB","15.4","2","7.7"
"490","Blaine Gabbert","TB","QB","15.3","4","3.8"
"490","Brett Rypien","DEN","QB","15.3","3","5.1"
"492","Mike Boone","MIN","RB","14.9","16","0.9"
"493","Parris Campbell","IND","WR","14.7","2","7.4"
"494","J.J. Arcega-Whiteside","PHI","WR","14.5","8","1.8"
"495","Chase Daniel","DET","QB","14.2","4","3.6"
"496","Virgil Green","LAC","TE","14.0","6","2.3"
"497","John Wolford","LAR","QB","13.8","1","13.8"
"498","Lil'Jordan Humphrey","NO","WR","13.6","3","4.5"
"499","Diontae Spencer","DEN","WR","13.5","11","1.2"
"499","PJ Walker","CAR","QB","13.5","4","3.4"
"501","Devine Ozigbo","JAC","RB","13.3","8","1.7"
"501","Luke Stocker","ATL","TE","13.3","16","0.8"
"503","Justice Hill","BAL","RB","13.0","12","1.1"
"504","Jaydon Mickens","TB","WR","12.8","10","1.3"
"505","Tevin Coleman","SF","RB","12.7","8","1.6"
"506","C.J. Prosise","HOU","RB","12.7","10","1.3"
"507","J.J. Taylor","NE","RB","12.4","6","2.1"
"508","KJ Hill Jr.","LAC","WR","12.3","15","0.8"
"508","Tyrie Cleveland","DEN","WR","12.3","10","1.2"
"510","Pharoh Cooper","CAR","WR","12.3","16","0.8"
"511","Tristan Vizcaino","SF","K","12.0","1","12.0"
"512","Devin Asiasi","NE","TE","11.9","8","1.5"
"513","Taylor Heinicke","WAS","QB","11.7","1","11.7"
"513","Austin Carr","NO","WR","11.7","6","2.0"
"515","Demetrius Harris","CHI","TE","11.5","15","0.8"
"516","Chris Manhertz","CAR","TE","11.2","16","0.7"
"517","Steven Mitchell Jr.","HOU","WR","11.0","6","1.8"
"517","Ja'Marcus Bradley","CLE","WR","11.0","3","3.7"
"519","Theo Riddick","LV","RB","10.7","5","2.1"
"520","Dominique Dafney","GB","TE","10.6","5","2.1"
"521","Deon Yelder","KC","TE","10.6","14","0.8"
"522","Damion Ratley","NYG","WR","10.3","5","2.1"
"522","Cethan Carter","CIN","TE","10.3","15","0.7"
"522","Nick Keizer","KC","TE","10.3","16","0.6"
"522","Matt Barkley","BUF","QB","10.3","5","2.1"
"526","River Cracraft","SF","WR","10.1","9","1.1"
"527","Kai Forbath","LAR","K","10.0","2","5.0"
"527","Trent Sherfield","ARI","WR","10.0","15","0.7"
"529","Levine Toilolo","NYG","TE","9.6","16","0.6"
"529","Courtland Sutton","DEN","WR","9.6","1","9.6"
"529","Reggie Gilliam","BUF","RB","9.6","14","0.7"
"532","Ashton Dulin","IND","WR","9.4","13","0.7"
"533","Artavis Pierce","CHI","RB","9.4","5","1.9"
"534","Johnny Mundt","LAR","TE","9.3","16","0.6"
"535","Trace McSorley","BAL","QB","9.3","2","4.7"
"536","Jake Kumerow","BUF","WR","9.2","6","1.5"
"537","Tyrod Taylor","LAC","QB","9.0","2","4.5"
"538","Joe Reed","LAC","WR","8.9","11","0.8"
"539","Chris Streveler","ARI","QB","8.7","5","1.7"
"540","Marlon Mack","IND","RB","8.6","1","8.6"
"540","Michael Burton","NO","RB","8.6","15","0.6"
"542","Anthony Sherman","KC","RB","8.3","12","0.7"
"542","Nick Westbrook-Ikhine","TEN","WR","8.3","14","0.6"
"544","Jonathan Ward","ARI","RB","8.1","14","0.6"
"545","Trenton Cannon","CAR","RB","7.9","14","0.6"
"546","Juwan Johnson","NO","TE","7.9","7","1.1"
"546","Riley Ridley","CHI","WR","7.9","5","1.6"
"546","Khari Blasingame","TEN","RB","7.9","15","0.5"
"549","Alex Armah Jr.","CAR","RB","7.7","16","0.5"
"549","Colin Thompson","CAR","TE","7.7","15","0.5"
"549","Buddy Howell","HOU","RB","7.7","14","0.6"
"552","Darrius Shepherd","GB","WR","7.6","8","1.0"
"553","Jordan Thomas","Multi","TE","7.3","6","1.2"
"553","Jason Croom","PHI","TE","7.3","4","1.8"
"555","Tanner Hudson","TB","TE","7.1","11","0.7"
"555","Seth Roberts","CAR","WR","7.1","7","1.0"
"557","Isaiah Zuber","NE","WR","7.0","4","1.8"
"557","Ben DiNucci","DAL","QB","7.0","3","2.3"
"557","Ted Ginn Jr.","CHI","WR","7.0","5","1.4"
"560","Josh Malone","NYJ","WR","6.8","4","1.7"
"561","Charlie Woerner","SF","TE","6.6","14","0.5"
"562","Brandon Zylstra","CAR","WR","6.6","16","0.4"
"563","Terry Godwin","JAC","WR","6.5","3","2.2"
"563","Kahale Warring","HOU","TE","6.5","7","0.9"
"565","Dontrell Hilliard","Multi","RB","6.0","7","0.9"
"566","Robert Foster","WAS","WR","5.7","4","1.4"
"567","Lawrence Cager","NYJ","WR","5.5","2","2.8"
"567","Elijhaa Penny","NYG","RB","5.5","14","0.4"
"567","Jaeden Graham","ATL","TE","5.5","16","0.3"
"570","Hunter Bryant","DET","TE","5.4","5","1.1"
"571","Daniel Brown","NYJ","TE","5.1","16","0.3"
"572","Tavon Austin","GB","WR","5.0","4","1.3"
"573","Deontay Burnett","PHI","WR","4.9","2","2.5"
"574","Eric Saubert","JAC","TE","4.6","8","0.6"
"574","Dalton Keene","NE","TE","4.6","6","0.8"
"574","Robert Griffin III","BAL","QB","4.6","4","1.2"
"574","Jonathan Williams","DET","RB","4.6","5","0.9"
"578","Daurice Fountain","IND","WR","4.3","5","0.9"
"579","Stephen Carlson","CLE","TE","4.1","16","0.3"
"580","Austin Walter","SF","RB","4.0","4","1.0"
"580","Antonio Callaway","MIA","WR","4.0","5","0.8"
"580","Ben Ellefson","JAC","TE","4.0","7","0.6"
"580","Jonathan Brown","JAC","K","4.0","1","4.0"
"580","Elliott Fry","ATL","K","4.0","1","4.0"
"585","John Ross","CIN","WR","3.7","3","1.2"
"586","Andy Janovich","CLE","RB","3.7","14","0.3"
"587","Colby Parkinson","SEA","TE","3.6","6","0.6"
"588","Antonio Gandy-Golden","WAS","WR","3.5","6","0.6"
"589","Rashaad Penny","SEA","RB","3.4","3","1.1"
"590","Penny Hart","SEA","WR","3.2","13","0.3"
"591","Bennie Fowler III","NO","WR","3.1","5","0.6"
"591","Bo Scarbrough","SEA","RB","3.1","1","3.1"
"591","Andre Roberts","BUF","WR","3.1","15","0.2"
"594","Brian Hoyer","NE","QB","3.0","1","3.0"
"595","Tyler Huntley","BAL","QB","2.9","2","1.5"
"595","Jason Huntley","PHI","RB","2.9","5","0.6"
"595","Chandler Cox","MIA","RB","2.9","8","0.4"
"598","Tommylee Lewis","NO","WR","2.9","5","0.6"
"598","Donte Moncrief","NE","WR","2.9","6","0.5"
"600","David Blough","DET","QB","2.8","1","2.8"
"601","Jaleel Scott","NYJ","WR","2.6","1","2.6"
"601","LeVante Bellamy","DEN","RB","2.6","5","0.5"
"601","Scottie Phillips","HOU","RB","2.6","8","0.3"
"601","Lamar Miller","CHI","RB","2.6","1","2.6"
"605","Jake Butt","DEN","TE","2.5","5","0.5"
"606","Rico Dowdle","DAL","RB","2.4","15","0.2"
"607","James Proche II","BAL","WR","2.4","14","0.2"
"607","Jameis Winston","NO","QB","2.4","4","0.6"
"607","Tommy Stevens","CAR","QB","2.4","1","2.4"
"607","Derek Carrier","LV","TE","2.4","16","0.2"
"611","Vyncint Smith","NYJ","WR","2.3","7","0.3"
"611","Keith Kirkwood","CAR","WR","2.3","1","2.3"
"613","Josiah Deguara","GB","TE","2.2","2","1.1"
"613","Blake Jarwin","DAL","TE","2.2","1","2.2"
"613","Cody Hollister","TEN","WR","2.2","2","1.1"
"613","Luke Willson","Multi","TE","2.2","8","0.3"
"617","Joshua Dobbs","PIT","QB","2.1","1","2.1"
"617","Marcus Kemp","Multi","WR","2.1","10","0.2"
"619","Temarrick Hemingway","WAS","TE","2.0","8","0.3"
"619","Gehrig Dieter","KC","WR","2.0","4","0.5"
"619","Stephen Hauschka","JAC","K","2.0","1","2.0"
"622","Nathan Peterman","LV","QB","1.9","1","1.9"
"622","D.J. Foster","ARI","RB","1.9","10","0.2"
"624","Case Keenum","CLE","QB","1.8","2","0.9"
"625","Craig Reynolds","JAC","RB","1.7","2","0.9"
"626","Jeremy Sprinkle","WAS","TE","1.6","16","0.1"
"626","Brandon Dillon","MIN","TE","1.6","3","0.5"
"626","Cullen Gillaspia","HOU","RB","1.6","7","0.2"
"629","Trenton Irwin","CIN","WR","1.5","1","1.5"
"629","Dwayne Washington","NO","RB","1.5","11","0.1"
"629","Trevon Wesco","NYJ","TE","1.5","12","0.1"
"632","Isaac Nauta","DET","TE","1.3","7","0.2"
"632","Logan Woodside","TEN","QB","1.3","6","0.2"
"632","Tony Jones Jr.","NO","RB","1.3","1","1.3"
"635","Marcus Baugh","WAS","TE","1.2","8","0.2"
"635","Bruce Miller","JAC","TE","1.2","8","0.2"
"637","Geno Smith","SEA","QB","1.1","1","1.1"
"638","Taylor Russolino","DEN","K","1.0","1","1.0"
"638","Brandon Wright","JAC","K","1.0","1","1.0"
"640","Senorise Perry","TEN","RB","0.9","7","0.1"
"641","Dexter Williams","GB","RB","0.8","3","0.3"
"641","AJ McCarron","HOU","QB","0.8","2","0.4"
"643","Tyler Bray","CHI","QB","0.7","1","0.7"
"644","John Lovett","GB","QB","0.6","8","0.1"
"645","Tony Brooks-James","ATL","RB","0.4","1","0.4"
"646","JoJo Natson","CLE","WR","0.3","3","0.1"
"646","Qadree Ollison","ATL","RB","0.3","3","0.1"
"648","Matthew Slater","NE","WR","0.0","15","0.0"
"648","Elijah Holyfield","PHI","RB","0.0","1","0.0"
"648","Kevin Rader","PIT","TE","0.0","1","0.0"
"648","Hale Hentges","MIN","TE","0.0","1","0.0"
"648","Quinton Bell","TB","WR","0.0","5","0.0"
"648","Chris Rowland","ATL","WR","0.0","2","0.0"
"648","Johnny Stanton IV","CLE","RB","0.0","1","0.0"
"648","Wendell Smallwood","PIT","RB","0.0","1","0.0"
"648","Nate Becker","BUF","TE","0.0","1","0.0"
"648","Dezmon Patmon","IND","WR","0.0","1","0.0"
"648","Trey Quinn","JAC","WR","0.0","1","0.0"
"648","Sean Culkin","BAL","TE","0.0","1","0.0"
"648","K.J. Osborn","MIN","WR","0.0","9","0.0"
"648","Joe Webb III","NYG","QB","0.0","2","0.0"
"648","Javon Leake","WAS","RB","0.0","1","0.0"
"648","Derek Watt","PIT","RB","0.0","12","0.0"
"648","Michael Warren II","WAS","RB","0.0","1","0.0"
"648","Sewo Olonilua","DAL","RB","0.0","2","0.0"
"648","Malik Turner","DAL","WR","0.0","6","0.0"
"648","Andrew Beck","DEN","TE","0.0","10","0.0"
"648","Dan Chisena","MIN","WR","0.0","14","0.0"
"648","Derrick Willies","CLE","WR","0.0","1","0.0"
"648","Seth DeValve","ARI","TE","0.0","4","0.0"
"648","Xavier Jones","LAR","RB","0.0","13","0.0"
"648","Matt Sokol","LAC","TE","0.0","2","0.0"
"648","Jake Bargas","MIN","TE","0.0","1","0.0"
"648","Isaiah Coulter","HOU","WR","0.0","1","0.0"
"648","Jordan Matthews","SF","WR","0.0","2","0.0"
"648","Brycen Hopkins","LAR","TE","0.0","4","0.0"
"648","Reggie Begelton","GB","WR","0.0","1","0.0"
"648","Kristian Wilkerson","NE","WR","0.0","1","0.0"
"648","Mike White","NYJ","QB","0.0","1","0.0"
"648","Ricky Seals-Jones","KC","TE","0.0","2","0.0"
"648","Juwann Winfree","GB","WR","0.0","2","0.0"
"648","Tyler Davis","JAC","TE","0.0","8","0.0"
"648","Johnny Holton","NYG","WR","0.0","1","0.0"
"648","Easton Stick","LAC","QB","0.0","1","0.0"
"648","Deante Burton","DAL","WR","0.0","4","0.0"
"648","Hakeem Butler","PHI","WR","0.0","2","0.0"
"648","J.P. Holtz","CHI","TE","0.0","16","0.0"
"648","Deon Cain","PIT","WR","0.0","2","0.0"
"648","Taywan Taylor","CLE","WR","0.0","3","0.0"
"648","Rashod Berry","NE","TE","0.0","3","0.0"
"648","Daniel Helm","SF","TE","0.0","5","0.0"
"648","Jeremy Cox","DEN","RB","0.0","7","0.0"
"648","Duke Williams","BUF","WR","0.0","1","0.0"
"648","Beau Brinkley","TEN","TE","0.0","7","0.0"
"648","Adrian Killins Jr.","PHI","RB","0.0","1","0.0"
"648","Garrett Griffin","NO","TE","0.0","4","0.0"
"648","Keelan Doss","LV","WR","0.0","1","0.0"
"648","Kevin White","SF","WR","0.0","3","0.0"
"648","Evan Baylis","ARI","TE","0.0","5","0.0"
"648","Kyle Nelson","SF","TE","0.0","3","0.0"
"648","Eric Tomlinson","Multi","TE","0.0","7","0.0"
"648","Trey Edmunds","PIT","RB","0.0","4","0.0"
"648","Tajae Sharpe","MIN","WR","0.0","4","0.0"
"648","Jason Moore Jr.","LAC","WR","0.0","2","0.0"
"648","Raymond Calais","LAR","RB","0.0","4","0.0"
"648","Mason Schreck","CIN","TE","0.0","14","0.0"
"648","Jeff Badet","WAS","WR","0.0","3","0.0"
"648","Ross Travis","NYJ","TE","0.0","1","0.0"
"648","Stanley Morgan Jr.","CIN","WR","0.0","6","0.0"
"648","Darius Bradwell","LAC","RB","0.0","2","0.0"
"648","Noah Togiai","IND","TE","0.0","4","0.0"
"648","Chris Myarick","MIA","TE","0.0","3","0.0"
"648","Zach Gentry","PIT","TE","0.0","2","0.0"
"648","Caleb Wilson","PHI","TE","0.0","5","0.0"
"648","Sean McKeon","DAL","TE","0.0","14","0.0"
"648","Farrod Green","IND","TE","0.0","1","0.0"
"648","Kirk Merritt","MIA","WR","0.0","1","0.0"
"648","Taiwan Jones","BUF","RB","0.0","13","0.0"
"648","Nathan Cottrell","JAC","RB","0.0","8","0.0"
"648","Alex Bachman","NYG","WR","0.0","1","0.0"
"648","Cyril Grayson Jr.","TB","WR","0.0","3","0.0"
"648","Justin Hardee","NO","WR","0.0","10","0.0"
"648","Marken Michel","CAR","WR","0.0","2","0.0"
"648","Antony Auclair","TB","TE","0.0","8","0.0"
"648","Brandin Bryant","BUF","RB","0.0","1","0.0"
"648","Stephen Sullivan","SEA","TE","0.0","1","0.0"
"648","Chris Moore","BAL","WR","0.0","3","0.0"
"648","Kenjon Barner","TB","RB","0.0","6","0.0"
"648","Fred Brown","DEN","WR","0.0","1","0.0"
"648","Clark Harris","CIN","TE","0.0","16","0.0"
"648","Matt Cole","SF","WR","0.0","1","0.0"
"732","DeAndre Carter","Multi","WR","-0.2","13","-0.0"
"733","Matt Schaub","ATL","QB","-0.4","1","-0.4"
"734","Nate Sudfeld","PHI","QB","-0.5","1","-0.5"
"735","Dede Westbrook","JAC","WR","-0.6","2","-0.3"
"736","Kendall Hinton","DEN","WR","-0.8","1","-0.8"
"737","Tim Boyle","GB","QB","-0.9","8","-0.1"
"738","Nsimba Webster","LAR","WR","-2.0","16","-0.1"
"738","Dwayne Harris","CHI","WR","-2.0","3","-0.7"
"740","Ty Long","LAC","K","-2.8","16","-0.2"
""
""
